identifier,password
50000,Stress@123
50001,Stress@123
50002,Stress@123
50003,Stress@123
50004,Stress@123
50005,Stress@123
50006,Stress@123
50007,Stress@123
50008,Stress@123
50009,Stress@123
50010,Stress@123
50011,Stress@123
50012,Stress@123
50013,Stress@123
50014,Stress@123
50015,Stress@123
50016,Stress@123
50017,Stress@123
50018,Stress@123
50019,Stress@123
50020,Stress@123
50021,Stress@123
50022,Stress@123
50023,Stress@123
50024,Stress@123
50025,Stress@123
50026,Stress@123
50027,Stress@123
50028,Stress@123
50029,Stress@123
50030,Stress@123
50031,Stress@123
50032,Stress@123
50033,Stress@123
50034,Stress@123
50035,Stress@123
50036,Stress@123
50037,Stress@123
50038,Stress@123
50039,Stress@123
50040,Stress@123
50041,Stress@123
50042,Stress@123
50043,Stress@123
50044,Stress@123
50045,Stress@123
50046,Stress@123
50047,Stress@123
50048,Stress@123
50049,Stress@123
50050,Stress@123
50051,Stress@123
50052,Stress@123
50053,Stress@123
50054,Stress@123
50055,Stress@123
50056,Stress@123
50057,Stress@123
50058,Stress@123
50059,Stress@123
50060,Stress@123
50061,Stress@123
50062,Stress@123
50063,Stress@123
50064,Stress@123
50065,Stress@123
50066,Stress@123
50067,Stress@123
50068,Stress@123
50069,Stress@123
50070,Stress@123
50071,Stress@123
50072,Stress@123
50073,Stress@123
50074,Stress@123
50075,Stress@123
50076,Stress@123
50077,Stress@123
50078,Stress@123
50079,Stress@123
50080,Stress@123
50081,Stress@123
50082,Stress@123
50083,Stress@123
50084,Stress@123
50085,Stress@123
50086,Stress@123
50087,Stress@123
50088,Stress@123
50089,Stress@123
50090,Stress@123
50091,Stress@123
50092,Stress@123
50093,Stress@123
50094,Stress@123
50095,Stress@123
50096,Stress@123
50097,Stress@123
50098,Stress@123
50099,Stress@123
50100,Stress@123
